metric,group,n_pairs,wilcoxonW,wilcoxonP,t,tp
global_efficiency,ALL,19,0.0,3.814697265625e-06,-8.675853055538953,7.577587157923695e-08
global_efficiency,patient,9,0.0,0.00390625,-5.731446780943961,0.000438228830583781
global_efficiency,control,10,0.0,0.001953125,-6.321876010103794,0.00013737197806597154
modularity_Q,ALL,19,0.0,3.814697265625e-06,4.322305080406343,0.0004103024107424591
modularity_Q,patient,9,0.0,0.00390625,3.520473264637951,0.007840472553721362
modularity_Q,control,10,0.0,0.001953125,3.2127199631945764,0.010612532263763963
