metric,group,method,count,mean,std,median
global_efficiency,control,ACT,10,4.611701631560378,1.156307352706749,4.814020932314804
global_efficiency,control,TREKKER,10,9.160070339865591,2.2921741708207404,9.44662152973271
global_efficiency,patient,ACT,9,4.13156802111125,1.1195346027315676,4.37171303075855
global_efficiency,patient,TREKKER,9,8.057316590268716,2.78527007197811,7.876632007489053
modularity_Q,control,ACT,10,0.18281076780936,0.04473213336553268,0.17260989423688655
modularity_Q,control,TREKKER,10,0.13093176250275845,0.018149520855331166,0.1239889830670861
modularity_Q,patient,ACT,9,0.17661777245556393,0.02820192887129717,0.1769221338494257
modularity_Q,patient,TREKKER,9,0.14762040921429714,0.025874395344570478,0.1433281396812505
