metric,method,n_patient,n_control,mwU,mwP,t,tp
global_efficiency,ACT,9,10,32.0,0.30743416592739536,-0.9189826717107474,0.3710403176021635
global_efficiency,TREKKER,9,10,32.0,0.30743416592739536,-0.9362275726377532,0.36344265627345484
modularity_Q,ACT,9,10,47.0,0.9025232501776794,-0.3646293166098146,0.7203661915483561
modularity_Q,TREKKER,9,10,63.0,0.15304188415882009,1.610887800806586,0.12923007018713686
